{
  "coherence": 0.1,
  "entropy": 0.9,
  "energy": 0.0,
  "timestamp": 1761993875510
}
{
  "coherence": 0.2,
  "entropy": 0.8,
  "energy": 0.0,
  "timestamp": 1761993875510
}
{"coherence":0.10000000149011612,"energy":0.0,"entropy":0.8999999761581421,"module":"reflection"}
{"coherence":0.24000000953674316,"energy":0.05000000074505806,"entropy":0.7599999904632568,"module":"manifold"}
{"coherence":0.10000000149011612,"energy":0.0,"entropy":0.8999999761581421,"module":"reflection"}
{"coherence":0.24000000953674316,"energy":0.05000000074505806,"entropy":0.7599999904632568,"module":"manifold"}
